2017.03.05.11:45:44,19.606
2017.03.05.11:45:50,19.435
2017.03.05.11:45:56,19.93
2017.03.05.11:46:02,18.751
2017.03.05.11:46:08,18.922
2017.03.05.11:46:14,19.521
2017.03.05.11:46:20,19.178
2017.03.05.11:46:26,18.922
2017.03.05.11:46:32,18.922
2017.03.05.11:46:38,18.922
2017.03.05.11:46:44,19.521
2017.03.05.11:46:50,18.836
2017.03.05.11:46:56,18.922
2017.03.05.11:47:02,19.435
2017.03.05.11:47:08,18.751
2017.03.05.11:47:14,19.521
2017.03.05.11:47:20,18.751
2017.03.05.11:47:27,18.836
2017.03.05.11:47:33,19.521
2017.03.05.11:47:39,19.350
2017.03.05.11:47:45,19.350
2017.03.05.11:47:51,19.521
2017.03.05.11:47:57,19.264
2017.03.05.11:48:03,19.350
2017.03.05.11:48:09,18.580
2017.03.05.11:48:15,19.521
2017.03.05.11:48:21,19.93
2017.03.05.11:48:27,19.178
2017.03.05.11:48:33,18.922
2017.03.05.11:48:39,19.521
2017.03.05.11:48:45,19.264
2017.03.05.11:48:51,18.665
2017.03.05.11:48:57,18.751
2017.03.05.11:49:03,19.350
2017.03.05.11:49:09,18.580
2017.03.05.11:49:15,18.580
2017.03.05.11:49:21,18.580
2017.03.05.11:49:27,19.521
2017.03.05.11:49:33,19.178
2017.03.05.11:49:39,18.922
2017.03.05.11:49:45,19.350
2017.03.05.11:49:51,18.580
2017.03.05.11:49:57,19.7
2017.03.05.11:50:03,18.580
2017.03.05.11:50:09,19.178
2017.03.05.11:50:15,18.751
2017.03.05.11:50:21,19.178
2017.03.05.11:50:27,18.665
2017.03.05.11:50:33,18.836
2017.03.05.11:50:39,19.7
2017.03.05.11:50:45,19.93
2017.03.05.11:50:51,19.93
2017.03.05.11:50:57,19.350
2017.03.05.11:51:03,18.580
2017.03.05.11:51:09,18.751
2017.03.05.11:51:15,18.836
2017.03.05.11:51:21,18.751
2017.03.05.11:51:27,18.580
2017.03.05.11:51:33,18.665
2017.03.05.11:51:39,19.350
2017.03.05.11:51:45,19.350
2017.03.05.11:51:51,19.93
2017.03.05.11:51:57,19.264
2017.03.05.11:52:03,19.93
2017.03.05.11:52:09,19.264
2017.03.05.11:52:16,18.922
2017.03.05.11:52:22,18.494
2017.03.05.11:52:28,18.665
2017.03.05.11:52:34,19.350
2017.03.05.11:52:40,18.665
2017.03.05.11:52:46,19.7
2017.03.05.11:52:52,19.350
2017.03.05.11:52:58,19.178
2017.03.05.11:53:04,19.93
2017.03.05.11:53:10,19.350
2017.03.05.11:53:16,18.580
2017.03.05.11:53:22,18.580
2017.03.05.11:53:28,19.264
2017.03.05.11:53:34,19.7
2017.03.05.11:53:40,19.264
2017.03.05.11:53:46,19.7
2017.03.05.11:53:52,18.580
2017.03.05.11:53:58,19.350
2017.03.05.11:54:04,19.435
2017.03.05.11:54:10,19.7
2017.03.05.11:54:16,19.93
2017.03.05.11:54:22,18.580
2017.03.05.11:54:28,18.751
2017.03.05.11:54:34,18.922
2017.03.05.11:54:40,19.350
2017.03.05.11:54:46,19.264
2017.03.05.11:54:52,18.580
2017.03.05.11:54:58,18.665
2017.03.05.11:55:04,19.264
2017.03.05.11:55:10,19.93
2017.03.05.11:55:16,18.922
2017.03.05.11:55:22,19.350
2017.03.05.11:55:28,18.580
2017.03.05.11:55:34,18.494
2017.03.05.11:55:40,19.350
2017.03.05.11:55:46,18.580
2017.03.05.11:55:52,18.665
2017.03.05.11:55:58,19.264
2017.03.05.11:56:04,18.494
2017.03.05.11:56:10,19.264
2017.03.05.11:56:16,18.836
2017.03.05.11:56:22,18.580
2017.03.05.11:56:28,18.494
2017.03.05.11:56:34,19.93
2017.03.05.11:56:40,19.350
2017.03.05.11:56:46,19.264
2017.03.05.11:56:52,18.494
2017.03.05.11:56:58,19.264
2017.03.05.11:57:05,18.494
2017.03.05.11:57:11,18.494
2017.03.05.11:57:17,18.580
2017.03.05.11:57:23,19.93
2017.03.05.11:57:29,18.580
2017.03.05.11:57:35,19.264
2017.03.05.11:57:41,19.264
2017.03.05.11:57:47,18.836
2017.03.05.11:57:53,18.494
2017.03.05.11:57:59,19.93
2017.03.05.11:58:05,18.922
2017.03.05.11:58:11,19.435
2017.03.05.11:58:17,18.580
2017.03.05.11:58:23,19.7
2017.03.05.11:58:29,18.580
2017.03.05.11:58:35,19.93
2017.03.05.11:58:41,18.751
2017.03.05.11:58:47,18.922
2017.03.05.11:58:53,18.836
2017.03.05.11:58:59,19.7
2017.03.05.11:59:05,19.178
2017.03.05.11:59:11,19.264
2017.03.05.11:59:17,19.7
2017.03.05.11:59:23,19.7
2017.03.05.11:59:29,18.409
2017.03.05.11:59:35,19.7
2017.03.05.11:59:41,19.178
2017.03.05.11:59:47,18.580
2017.03.05.11:59:53,18.665
2017.03.05.11:59:59,18.665
2017.03.05.12:00:05,18.751
2017.03.05.12:00:11,19.7
2017.03.05.12:00:17,19.93
2017.03.05.12:00:23,18.751
2017.03.05.12:00:29,18.409
2017.03.05.12:00:35,18.409
2017.03.05.12:00:41,19.264
2017.03.05.12:00:47,18.665
2017.03.05.12:00:53,19.178
2017.03.05.12:00:59,19.178
2017.03.05.12:01:05,18.751
2017.03.05.12:01:11,19.264
2017.03.05.12:01:17,18.836
2017.03.05.12:01:23,19.7
2017.03.05.12:01:29,19.350
2017.03.05.12:01:35,18.665
2017.03.05.12:01:41,19.93
2017.03.05.12:01:47,18.751
2017.03.05.12:01:54,18.494
2017.03.05.12:02:00,18.751
2017.03.05.12:02:06,18.494
2017.03.05.12:02:12,19.264
2017.03.05.12:02:18,19.350
2017.03.05.12:02:24,18.494
2017.03.05.12:02:30,19.178
2017.03.05.12:02:36,18.665
2017.03.05.12:02:42,18.580
2017.03.05.12:02:48,19.264
2017.03.05.12:02:54,18.751
2017.03.05.12:03:00,18.409
2017.03.05.12:03:06,19.178
2017.03.05.12:03:12,18.836
2017.03.05.12:03:18,18.409
2017.03.05.12:03:24,18.494
2017.03.05.12:03:30,18.751
2017.03.05.12:03:36,19.178
2017.03.05.12:03:42,19.93
2017.03.05.12:03:48,18.494
2017.03.05.12:03:54,19.350
2017.03.05.12:04:00,19.93
2017.03.05.12:04:06,19.178
2017.03.05.12:04:12,18.580
2017.03.05.12:04:18,18.751
2017.03.05.12:04:24,19.178
2017.03.05.12:04:30,18.409
2017.03.05.12:04:36,18.494
2017.03.05.12:04:42,18.409
2017.03.05.12:04:48,19.93
2017.03.05.12:04:54,18.751
2017.03.05.12:05:00,19.178
2017.03.05.12:05:06,18.409
2017.03.05.12:05:12,19.178
2017.03.05.12:05:18,18.494
2017.03.05.12:05:24,19.178
2017.03.05.12:05:30,18.409
2017.03.05.12:05:36,19.264
2017.03.05.12:05:42,19.178
2017.03.05.12:05:48,19.264
2017.03.05.12:05:54,19.7
2017.03.05.12:06:00,19.93
2017.03.05.12:06:06,19.264
2017.03.05.12:06:12,18.665
2017.03.05.12:06:18,19.264
2017.03.05.12:06:24,19.178
2017.03.05.12:06:30,18.409
2017.03.05.12:06:36,18.409
2017.03.05.12:06:42,18.665
2017.03.05.12:06:48,18.580
2017.03.05.12:06:55,19.7
2017.03.05.12:07:01,18.665
2017.03.05.12:07:07,18.836
2017.03.05.12:07:13,19.178
2017.03.05.12:07:19,19.7
2017.03.05.12:07:25,18.409
2017.03.05.12:07:31,18.409
2017.03.05.12:07:37,19.7
2017.03.05.12:07:43,19.7
2017.03.05.12:07:49,19.7
2017.03.05.12:07:55,18.836
2017.03.05.12:08:01,18.922
2017.03.05.12:08:07,18.751
2017.03.05.12:08:13,18.494
2017.03.05.12:08:19,19.93
2017.03.05.12:08:25,19.264
2017.03.05.12:08:31,18.922
2017.03.05.12:08:37,19.264
2017.03.05.12:08:43,19.264
2017.03.05.12:08:49,18.922
2017.03.05.12:08:55,19.178
2017.03.05.12:09:01,19.7
2017.03.05.12:09:07,18.409
2017.03.05.12:09:13,19.93
2017.03.05.12:09:19,18.580
2017.03.05.12:09:25,19.178
2017.03.05.12:09:31,18.323
2017.03.05.12:09:37,18.323
2017.03.05.12:09:43,18.409
2017.03.05.12:09:49,18.494
2017.03.05.12:09:55,18.665
2017.03.05.12:10:01,18.494
2017.03.05.12:10:07,18.494
2017.03.05.12:10:13,18.409
2017.03.05.12:10:19,18.836
2017.03.05.12:10:25,18.836
2017.03.05.12:10:31,19.93
2017.03.05.12:10:37,19.93
2017.03.05.12:10:43,18.751
2017.03.05.12:10:49,19.264
2017.03.05.12:10:55,19.178
2017.03.05.12:11:01,19.264
2017.03.05.12:11:07,18.323
2017.03.05.12:11:13,18.323
2017.03.05.12:11:19,19.178
2017.03.05.12:11:25,19.93
2017.03.05.12:11:31,18.580
2017.03.05.12:11:37,19.93
2017.03.05.12:11:44,18.323
2017.03.05.12:11:50,18.836
2017.03.05.12:11:56,18.580
2017.03.05.12:12:02,19.93
2017.03.05.12:12:08,18.580
2017.03.05.12:12:14,18.922
2017.03.05.12:12:20,18.409
2017.03.05.12:12:26,18.922
2017.03.05.12:12:32,18.409
2017.03.05.12:12:38,18.836
2017.03.05.12:12:44,19.178
2017.03.05.12:12:50,19.7
2017.03.05.12:12:56,18.323
2017.03.05.12:13:02,19.178
2017.03.05.12:13:08,18.409
2017.03.05.12:13:14,18.665
2017.03.05.12:13:20,19.93
2017.03.05.12:13:26,18.409
2017.03.05.12:13:32,18.922
2017.03.05.12:13:38,19.7
2017.03.05.12:13:44,19.7
2017.03.05.12:13:50,18.494
2017.03.05.12:13:56,18.665
2017.03.05.12:14:02,18.580
2017.03.05.12:14:08,18.751
2017.03.05.12:14:14,18.409
2017.03.05.12:14:20,18.836
2017.03.05.12:14:26,18.922
2017.03.05.12:14:32,19.7
2017.03.05.12:14:38,18.751
2017.03.05.12:14:44,19.93
2017.03.05.12:14:50,18.580
2017.03.05.12:14:56,18.494
2017.03.05.12:15:02,18.494
2017.03.05.12:15:08,19.178
2017.03.05.12:15:14,18.836
2017.03.05.12:15:20,18.922
2017.03.05.12:15:26,19.178
2017.03.05.12:15:32,18.323
2017.03.05.12:15:38,19.93
2017.03.05.12:15:44,18.409
2017.03.05.12:15:50,18.409
2017.03.05.12:15:56,18.323
2017.03.05.12:16:02,18.922
2017.03.05.12:16:08,18.580
2017.03.05.12:16:14,18.922
2017.03.05.12:16:20,19.178
2017.03.05.12:16:26,19.178
2017.03.05.12:16:32,19.93
2017.03.05.12:16:39,18.836
2017.03.05.12:16:45,19.7
2017.03.05.12:16:51,18.409
2017.03.05.12:16:57,19.93
2017.03.05.12:17:03,19.93
2017.03.05.12:17:09,19.178
2017.03.05.12:17:15,19.93
2017.03.05.12:17:21,18.751
2017.03.05.12:17:27,18.494
2017.03.05.12:17:33,18.323
2017.03.05.12:17:39,18.922
2017.03.05.12:17:45,18.494
2017.03.05.12:17:51,18.323
2017.03.05.12:17:57,19.93
2017.03.05.12:18:03,18.238
2017.03.05.12:18:09,18.323
2017.03.05.12:18:15,18.751
2017.03.05.12:18:21,19.93
2017.03.05.12:18:27,18.665
2017.03.05.12:18:33,19.7
2017.03.05.12:18:39,19.93
2017.03.05.12:18:45,18.409
2017.03.05.12:18:51,19.93
2017.03.05.12:18:57,18.922
2017.03.05.12:19:03,18.494
2017.03.05.12:19:09,18.836
2017.03.05.12:19:15,18.922
2017.03.05.12:19:21,18.494
2017.03.05.12:19:27,19.7
2017.03.05.12:19:33,19.7
2017.03.05.12:19:39,18.836
2017.03.05.12:19:45,18.580
2017.03.05.12:19:51,18.152
2017.03.05.12:19:57,18.836
2017.03.05.12:20:03,18.494
2017.03.05.12:20:09,18.323
2017.03.05.12:20:15,18.494
2017.03.05.12:20:21,18.580
2017.03.05.12:20:27,18.152
2017.03.05.12:20:33,19.7
2017.03.05.12:20:39,18.665
2017.03.05.12:20:45,18.922
2017.03.05.12:20:51,18.922
2017.03.05.12:20:57,19.7
2017.03.05.12:21:03,18.922
2017.03.05.12:21:09,19.7
2017.03.05.12:21:15,19.7
2017.03.05.12:21:21,18.238
2017.03.05.12:21:28,18.922
2017.03.05.12:21:34,19.93
2017.03.05.12:21:40,18.836
2017.03.05.12:21:46,18.580
2017.03.05.12:21:52,18.836
2017.03.05.12:21:58,18.409
2017.03.05.12:22:04,18.836
2017.03.05.12:22:10,18.238
2017.03.05.12:22:16,18.580
2017.03.05.12:22:22,18.238
2017.03.05.12:22:28,18.152
2017.03.05.12:22:34,18.409
2017.03.05.12:22:40,18.152
2017.03.05.12:22:46,18.922
2017.03.05.12:22:52,19.7
2017.03.05.12:22:58,18.836
2017.03.05.12:23:04,19.7
2017.03.05.12:23:10,18.238
2017.03.05.12:23:16,18.152
2017.03.05.12:23:22,18.238
2017.03.05.12:23:28,18.152
2017.03.05.12:23:34,19.7
2017.03.05.12:23:40,19.7
2017.03.05.12:23:46,18.922
2017.03.05.12:23:52,18.152
2017.03.05.12:23:58,18.238
2017.03.05.12:24:04,18.152
2017.03.05.12:24:10,18.922
2017.03.05.12:24:16,18.665
2017.03.05.12:24:22,18.323
2017.03.05.12:24:28,18.836
2017.03.05.12:24:34,18.922
2017.03.05.12:24:40,18.409
2017.03.05.12:24:46,19.7
2017.03.05.12:24:52,18.238
2017.03.05.12:24:58,19.93
2017.03.05.12:25:04,19.93
2017.03.05.12:25:10,18.323
2017.03.05.12:25:16,18.580
2017.03.05.12:25:22,18.409
2017.03.05.12:25:28,18.665
2017.03.05.12:25:34,18.580
2017.03.05.12:25:40,18.580
2017.03.05.12:25:46,18.836
