2017.03.05.11:45:44,759
2017.03.05.11:45:50,757
2017.03.05.11:45:56,756
2017.03.05.11:46:02,760
2017.03.05.11:46:08,757
2017.03.05.11:46:14,758
2017.03.05.11:46:20,757
2017.03.05.11:46:26,755
2017.03.05.11:46:32,756
2017.03.05.11:46:38,757
2017.03.05.11:46:44,756
2017.03.05.11:46:50,755
2017.03.05.11:46:56,756
2017.03.05.11:47:02,756
2017.03.05.11:47:08,757
2017.03.05.11:47:14,756
2017.03.05.11:47:20,758
2017.03.05.11:47:27,754
2017.03.05.11:47:33,757
2017.03.05.11:47:39,757
2017.03.05.11:47:45,756
2017.03.05.11:47:51,757
2017.03.05.11:47:57,756
2017.03.05.11:48:03,754
2017.03.05.11:48:09,756
2017.03.05.11:48:15,755
2017.03.05.11:48:21,757
2017.03.05.11:48:27,757
2017.03.05.11:48:33,759
2017.03.05.11:48:39,756
2017.03.05.11:48:45,759
2017.03.05.11:48:51,755
2017.03.05.11:48:57,756
2017.03.05.11:49:03,756
2017.03.05.11:49:09,754
2017.03.05.11:49:15,757
2017.03.05.11:49:21,755
2017.03.05.11:49:27,755
2017.03.05.11:49:33,758
2017.03.05.11:49:39,758
2017.03.05.11:49:45,756
2017.03.05.11:49:51,757
2017.03.05.11:49:57,758
2017.03.05.11:50:03,756
2017.03.05.11:50:09,754
2017.03.05.11:50:15,756
2017.03.05.11:50:21,757
2017.03.05.11:50:27,756
2017.03.05.11:50:33,757
2017.03.05.11:50:39,756
2017.03.05.11:50:45,757
2017.03.05.11:50:51,754
2017.03.05.11:50:57,757
2017.03.05.11:51:03,757
2017.03.05.11:51:09,755
2017.03.05.11:51:15,756
2017.03.05.11:51:21,756
2017.03.05.11:51:27,758
2017.03.05.11:51:33,756
2017.03.05.11:51:39,757
2017.03.05.11:51:45,757
2017.03.05.11:51:51,757
2017.03.05.11:51:57,756
2017.03.05.11:52:03,759
2017.03.05.11:52:09,757
2017.03.05.11:52:16,756
2017.03.05.11:52:22,757
2017.03.05.11:52:28,756
2017.03.05.11:52:34,758
2017.03.05.11:52:40,756
2017.03.05.11:52:46,756
2017.03.05.11:52:52,757
2017.03.05.11:52:58,755
2017.03.05.11:53:04,759
2017.03.05.11:53:10,755
2017.03.05.11:53:16,757
2017.03.05.11:53:22,757
2017.03.05.11:53:28,759
2017.03.05.11:53:34,755
2017.03.05.11:53:40,757
2017.03.05.11:53:46,756
2017.03.05.11:53:52,758
2017.03.05.11:53:58,755
2017.03.05.11:54:04,756
2017.03.05.11:54:10,755
2017.03.05.11:54:16,758
2017.03.05.11:54:22,755
2017.03.05.11:54:28,755
2017.03.05.11:54:34,755
2017.03.05.11:54:40,759
2017.03.05.11:54:46,756
2017.03.05.11:54:52,757
2017.03.05.11:54:58,755
2017.03.05.11:55:04,755
2017.03.05.11:55:10,757
2017.03.05.11:55:16,753
2017.03.05.11:55:22,757
2017.03.05.11:55:28,756
2017.03.05.11:55:34,759
2017.03.05.11:55:40,757
2017.03.05.11:55:46,755
2017.03.05.11:55:52,753
2017.03.05.11:55:58,755
2017.03.05.11:56:04,756
2017.03.05.11:56:10,755
2017.03.05.11:56:16,755
2017.03.05.11:56:22,754
2017.03.05.11:56:28,759
2017.03.05.11:56:34,753
2017.03.05.11:56:40,757
2017.03.05.11:56:46,755
2017.03.05.11:56:52,757
2017.03.05.11:56:58,757
2017.03.05.11:57:05,756
2017.03.05.11:57:11,758
2017.03.05.11:57:17,757
2017.03.05.11:57:23,756
2017.03.05.11:57:29,755
2017.03.05.11:57:35,756
2017.03.05.11:57:41,756
2017.03.05.11:57:47,756
2017.03.05.11:57:53,756
2017.03.05.11:57:59,755
2017.03.05.11:58:05,754
2017.03.05.11:58:11,755
2017.03.05.11:58:17,758
2017.03.05.11:58:23,757
2017.03.05.11:58:29,756
2017.03.05.11:58:35,756
2017.03.05.11:58:41,755
2017.03.05.11:58:47,755
2017.03.05.11:58:53,755
2017.03.05.11:58:59,758
2017.03.05.11:59:05,758
2017.03.05.11:59:11,759
2017.03.05.11:59:17,757
2017.03.05.11:59:23,757
2017.03.05.11:59:29,757
2017.03.05.11:59:35,755
2017.03.05.11:59:41,755
2017.03.05.11:59:47,756
2017.03.05.11:59:53,754
2017.03.05.11:59:59,756
2017.03.05.12:00:05,758
2017.03.05.12:00:11,756
2017.03.05.12:00:17,759
2017.03.05.12:00:23,759
2017.03.05.12:00:29,755
2017.03.05.12:00:35,754
2017.03.05.12:00:41,755
2017.03.05.12:00:47,756
2017.03.05.12:00:53,757
2017.03.05.12:00:59,755
2017.03.05.12:01:05,759
2017.03.05.12:01:11,756
2017.03.05.12:01:17,759
2017.03.05.12:01:23,757
2017.03.05.12:01:29,755
2017.03.05.12:01:35,757
2017.03.05.12:01:41,757
2017.03.05.12:01:47,757
2017.03.05.12:01:54,754
2017.03.05.12:02:00,759
2017.03.05.12:02:06,757
2017.03.05.12:02:12,759
2017.03.05.12:02:18,756
2017.03.05.12:02:24,755
2017.03.05.12:02:30,758
2017.03.05.12:02:36,755
2017.03.05.12:02:42,755
2017.03.05.12:02:48,754
2017.03.05.12:02:54,755
2017.03.05.12:03:00,759
2017.03.05.12:03:06,754
2017.03.05.12:03:12,757
2017.03.05.12:03:18,753
2017.03.05.12:03:24,754
2017.03.05.12:03:30,756
2017.03.05.12:03:36,754
2017.03.05.12:03:42,755
2017.03.05.12:03:48,756
2017.03.05.12:03:54,754
2017.03.05.12:04:00,755
2017.03.05.12:04:06,754
2017.03.05.12:04:12,754
2017.03.05.12:04:18,756
2017.03.05.12:04:24,756
2017.03.05.12:04:30,754
2017.03.05.12:04:36,753
2017.03.05.12:04:42,754
2017.03.05.12:04:48,758
2017.03.05.12:04:54,757
2017.03.05.12:05:00,758
2017.03.05.12:05:06,758
2017.03.05.12:05:12,755
2017.03.05.12:05:18,758
2017.03.05.12:05:24,757
2017.03.05.12:05:30,756
2017.03.05.12:05:36,754
2017.03.05.12:05:42,756
2017.03.05.12:05:48,756
2017.03.05.12:05:54,758
2017.03.05.12:06:00,756
2017.03.05.12:06:06,759
2017.03.05.12:06:12,759
2017.03.05.12:06:18,754
2017.03.05.12:06:24,754
2017.03.05.12:06:30,756
2017.03.05.12:06:36,759
2017.03.05.12:06:42,755
2017.03.05.12:06:48,757
2017.03.05.12:06:55,760
2017.03.05.12:07:01,756
2017.03.05.12:07:07,754
2017.03.05.12:07:13,756
2017.03.05.12:07:19,755
2017.03.05.12:07:25,757
2017.03.05.12:07:31,757
2017.03.05.12:07:37,755
2017.03.05.12:07:43,757
2017.03.05.12:07:49,755
2017.03.05.12:07:55,756
2017.03.05.12:08:01,755
2017.03.05.12:08:07,758
2017.03.05.12:08:13,755
2017.03.05.12:08:19,759
2017.03.05.12:08:25,755
2017.03.05.12:08:31,755
2017.03.05.12:08:37,755
2017.03.05.12:08:43,757
2017.03.05.12:08:49,758
2017.03.05.12:08:55,757
2017.03.05.12:09:01,759
2017.03.05.12:09:07,753
2017.03.05.12:09:13,758
2017.03.05.12:09:19,758
2017.03.05.12:09:25,755
2017.03.05.12:09:31,754
2017.03.05.12:09:37,759
2017.03.05.12:09:43,756
2017.03.05.12:09:49,757
2017.03.05.12:09:55,756
2017.03.05.12:10:01,755
2017.03.05.12:10:07,755
2017.03.05.12:10:13,755
2017.03.05.12:10:19,756
2017.03.05.12:10:25,755
2017.03.05.12:10:31,758
2017.03.05.12:10:37,754
2017.03.05.12:10:43,754
2017.03.05.12:10:49,756
2017.03.05.12:10:55,757
2017.03.05.12:11:01,753
2017.03.05.12:11:07,755
2017.03.05.12:11:13,754
2017.03.05.12:11:19,755
2017.03.05.12:11:25,754
2017.03.05.12:11:31,756
2017.03.05.12:11:37,757
2017.03.05.12:11:44,755
2017.03.05.12:11:50,755
2017.03.05.12:11:56,757
2017.03.05.12:12:02,754
2017.03.05.12:12:08,755
2017.03.05.12:12:14,755
2017.03.05.12:12:20,755
2017.03.05.12:12:26,756
2017.03.05.12:12:32,756
2017.03.05.12:12:38,756
2017.03.05.12:12:44,757
2017.03.05.12:12:50,758
2017.03.05.12:12:56,756
2017.03.05.12:13:02,757
2017.03.05.12:13:08,756
2017.03.05.12:13:14,755
2017.03.05.12:13:20,756
2017.03.05.12:13:26,759
2017.03.05.12:13:32,757
2017.03.05.12:13:38,755
2017.03.05.12:13:44,756
2017.03.05.12:13:50,755
2017.03.05.12:13:56,756
2017.03.05.12:14:02,755
2017.03.05.12:14:08,757
2017.03.05.12:14:14,756
2017.03.05.12:14:20,754
2017.03.05.12:14:26,756
2017.03.05.12:14:32,756
2017.03.05.12:14:38,755
2017.03.05.12:14:44,754
2017.03.05.12:14:50,754
2017.03.05.12:14:56,751
2017.03.05.12:15:02,746
2017.03.05.12:15:08,748
2017.03.05.12:15:14,754
2017.03.05.12:15:20,755
2017.03.05.12:15:26,754
2017.03.05.12:15:32,753
2017.03.05.12:15:38,755
2017.03.05.12:15:44,753
2017.03.05.12:15:50,749
2017.03.05.12:15:56,748
2017.03.05.12:16:02,749
2017.03.05.12:16:08,751
2017.03.05.12:16:14,754
2017.03.05.12:16:20,755
2017.03.05.12:16:26,756
2017.03.05.12:16:32,753
2017.03.05.12:16:39,747
2017.03.05.12:16:45,748
2017.03.05.12:16:51,751
2017.03.05.12:16:57,748
2017.03.05.12:17:03,749
2017.03.05.12:17:09,749
2017.03.05.12:17:15,746
2017.03.05.12:17:21,742
2017.03.05.12:17:27,740
2017.03.05.12:17:33,743
2017.03.05.12:17:39,748
2017.03.05.12:17:45,741
2017.03.05.12:17:51,737
2017.03.05.12:17:57,736
2017.03.05.12:18:03,736
2017.03.05.12:18:09,740
2017.03.05.12:18:15,742
2017.03.05.12:18:21,741
2017.03.05.12:18:27,737
2017.03.05.12:18:33,737
2017.03.05.12:18:39,732
2017.03.05.12:18:45,734
2017.03.05.12:18:51,744
2017.03.05.12:18:57,740
2017.03.05.12:19:03,736
2017.03.05.12:19:09,736
2017.03.05.12:19:15,742
2017.03.05.12:19:21,743
2017.03.05.12:19:27,738
2017.03.05.12:19:33,749
2017.03.05.12:19:39,747
2017.03.05.12:19:45,745
2017.03.05.12:19:51,750
2017.03.05.12:19:57,745
2017.03.05.12:20:03,753
2017.03.05.12:20:09,752
2017.03.05.12:20:15,751
2017.03.05.12:20:21,748
2017.03.05.12:20:27,753
2017.03.05.12:20:33,747
2017.03.05.12:20:39,751
2017.03.05.12:20:45,747
2017.03.05.12:20:51,749
2017.03.05.12:20:57,747
2017.03.05.12:21:03,750
2017.03.05.12:21:09,750
2017.03.05.12:21:15,744
2017.03.05.12:21:21,750
2017.03.05.12:21:28,744
2017.03.05.12:21:34,745
2017.03.05.12:21:40,748
2017.03.05.12:21:46,748
2017.03.05.12:21:52,742
2017.03.05.12:21:58,746
2017.03.05.12:22:04,753
2017.03.05.12:22:10,750
2017.03.05.12:22:16,749
2017.03.05.12:22:22,752
2017.03.05.12:22:28,751
2017.03.05.12:22:34,757
2017.03.05.12:22:40,754
2017.03.05.12:22:46,757
2017.03.05.12:22:52,756
2017.03.05.12:22:58,756
2017.03.05.12:23:04,757
2017.03.05.12:23:10,755
2017.03.05.12:23:16,756
2017.03.05.12:23:22,758
2017.03.05.12:23:28,757
2017.03.05.12:23:34,756
2017.03.05.12:23:40,756
2017.03.05.12:23:46,756
2017.03.05.12:23:52,757
2017.03.05.12:23:58,755
2017.03.05.12:24:04,756
2017.03.05.12:24:10,756
2017.03.05.12:24:16,758
2017.03.05.12:24:22,755
2017.03.05.12:24:28,755
2017.03.05.12:24:34,759
2017.03.05.12:24:40,756
2017.03.05.12:24:46,759
2017.03.05.12:24:52,756
2017.03.05.12:24:58,754
2017.03.05.12:25:04,758
2017.03.05.12:25:10,756
2017.03.05.12:25:16,756
2017.03.05.12:25:22,757
2017.03.05.12:25:28,757
2017.03.05.12:25:34,754
2017.03.05.12:25:40,757
2017.03.05.12:25:46,755
